{
    "metadata": {
        "version": 3,
        "vertices": 101,
        "normals": 32,
        "type": "Geometry",
        "uvs": 0,
        "materials": 3,
        "faces": 99,
        "generator": "io_three"
    },
    "vertices": [1.8107,-0.649561,-1.39762,1.8107,-0.649561,-0.266714,0.890788,-0.649561,-0.266715,0.890788,-0.649561,-1.39762,1.8107,0.649561,-1.39762,1.8107,0.649561,-0.266714,0.890788,0.649561,-0.266715,0.890788,0.649561,-1.39762,1.8107,0.538648,-1.39762,1.8107,0.538648,-0.266714,0.890788,0.538648,-0.266715,0.890788,0.538648,-1.39762,1.8107,-0.507858,-1.39762,1.8107,-0.507858,-0.266714,0.890788,-0.507858,-0.266715,0.890788,-0.507858,-1.39762,1.69685,-0.649561,-1.39762,1.69685,-0.649561,-0.266714,1.69685,0.649561,-1.39762,1.69685,0.649561,-0.266714,1.69685,0.538648,-1.39762,1.69685,0.538648,-0.266714,1.69685,-0.507858,-0.266714,1.69685,-0.507858,-1.39762,1.00908,-0.649561,-1.39762,1.00908,-0.649561,-0.266715,1.00908,0.649561,-1.39762,1.00908,0.649561,-0.266715,1.00908,0.538648,-1.39762,1.00908,0.538648,-0.266715,1.00908,-0.507858,-0.266715,1.00908,-0.507858,-1.39762,1.38221,-0.469971,-0.050071,1.69685,0.538648,-0.366505,1.69685,-0.507858,-0.366506,1.00908,0.538648,-0.366506,1.00908,-0.507858,-0.366506,1.69685,-0.507858,-1.29286,1.69685,0.538648,-1.29286,1.00908,0.538648,-1.29286,1.00908,-0.507858,-1.29286,1.8107,-0.649561,-0.782273,0.890788,-0.649561,-0.782273,1.8107,0.649561,-0.782273,0.890788,0.649561,-0.782273,0.890788,0.538648,-0.782273,1.8107,0.538648,-0.782273,1.8107,-0.507858,-0.782273,0.890788,-0.507858,-0.782273,1.69685,0.649561,-0.782273,1.69685,-0.649561,-0.782273,1.00908,0.649561,-0.782273,1.00908,-0.649561,-0.782273,0.890788,-0.649561,-0.860897,0.890788,0.649561,-0.860897,0.890788,0.538648,-0.860897,0.890788,-0.507858,-0.860897,1.69685,-0.649561,-0.860897,1.00908,-0.649561,-0.860897,1.8107,-0.649561,-0.860897,1.8107,0.649561,-0.860897,1.8107,0.538648,-0.860897,1.8107,-0.507858,-0.860897,1.69685,0.649561,-0.860897,1.00908,0.649561,-0.860897,0.890788,-0.649561,-0.97834,0.890788,0.649561,-0.97834,0.890788,0.538648,-0.97834,0.890788,-0.507858,-0.97834,1.69685,-0.649561,-0.97834,1.00908,-0.649561,-0.97834,1.8107,-0.649561,-0.97834,1.8107,0.649561,-0.978339,1.8107,0.538648,-0.97834,1.8107,-0.507858,-0.97834,1.69685,0.649561,-0.97834,1.00908,0.649561,-0.97834,0.890788,-0.649561,-1.06094,0.890788,0.649561,-1.06094,0.890788,0.538648,-1.06094,0.890788,-0.507858,-1.06094,1.69685,-0.649561,-1.06094,1.00908,-0.649561,-1.06094,1.8107,-0.649561,-1.06094,1.8107,0.649561,-1.06094,1.8107,0.538648,-1.06094,1.8107,-0.507858,-1.06094,1.69685,0.649561,-1.06094,1.00908,0.649561,-1.06094,0.890788,-0.649561,-1.10267,0.890788,0.649561,-1.10267,0.890788,0.538648,-1.10267,0.890788,-0.507858,-1.10267,1.69685,-0.649561,-1.10267,1.00908,-0.649561,-1.10267,1.8107,-0.649561,-1.10267,1.8107,0.649561,-1.10267,1.8107,0.538648,-1.10267,1.8107,-0.507858,-1.10267,1.69685,0.649561,-1.10267,1.00908,0.649561,-1.10267],
    "faces": [35,52,25,2,42,0,0,1,2,3,35,51,44,6,27,0,4,5,6,7,35,46,43,5,9,0,8,9,10,11,35,29,27,6,10,0,12,7,6,13,35,91,90,7,11,1,14,5,15,16,35,31,24,3,15,1,17,18,19,16,35,26,28,11,7,1,20,21,16,15,35,92,91,11,15,1,14,14,16,16,35,30,29,10,14,0,22,12,13,13,35,47,46,9,13,0,8,8,11,11,35,41,47,13,1,0,23,8,11,24,35,25,30,14,2,0,1,22,13,2,35,89,92,15,3,1,3,14,16,19,35,28,31,15,11,1,21,17,16,16,35,8,12,23,20,1,25,25,26,27,35,1,13,22,17,0,24,11,28,1,35,13,9,21,22,0,11,11,29,28,35,4,8,20,18,1,30,25,27,20,35,12,0,16,23,1,25,31,18,26,35,9,5,19,21,0,11,10,7,29,35,43,49,19,5,0,9,4,7,10,35,41,1,17,50,0,23,24,1,0,35,31,28,39,40,1,17,21,31,30,35,17,22,30,25,0,1,28,22,1,35,30,22,34,36,0,22,28,6,10,35,18,20,28,26,1,20,27,21,20,35,23,16,24,31,1,26,18,18,17,35,21,19,27,29,0,29,7,7,12,35,49,51,27,19,0,4,4,7,7,35,50,17,25,52,0,0,1,1,0,35,34,33,35,36,2,6,2,24,10,35,22,21,33,34,0,28,29,2,6,35,21,29,35,33,0,29,12,24,2,35,29,30,36,35,0,12,22,10,24,34,38,40,39,2,19,30,31,35,28,20,38,39,1,21,27,19,31,35,23,31,40,37,1,26,17,30,15,35,20,23,37,38,1,27,26,15,19,34,38,37,40,2,19,15,30,35,57,50,52,58,1,0,0,0,0,35,63,64,51,49,1,4,4,4,4,35,59,41,50,57,1,23,23,0,0,35,60,63,49,43,1,9,4,4,9,35,2,14,48,42,0,2,13,14,3,35,59,62,47,41,1,23,8,8,23,35,62,61,46,47,1,8,8,8,8,35,14,10,45,48,0,13,13,14,14,35,10,6,44,45,0,13,6,5,14,35,61,60,43,46,1,8,9,9,8,35,64,54,44,51,1,4,5,5,4,35,58,52,42,53,1,0,0,3,3,35,70,58,53,65,0,0,0,3,3,35,76,66,54,64,0,4,5,5,4,35,73,72,60,61,0,8,9,9,8,35,74,73,61,62,0,8,8,8,8,35,71,74,62,59,0,23,8,8,23,35,72,75,63,60,0,9,4,4,9,35,71,59,57,69,0,23,23,0,0,35,75,76,64,63,0,4,4,4,4,35,69,57,58,70,0,0,0,0,0,35,42,48,56,53,1,3,14,14,3,35,48,45,55,56,1,14,14,14,14,35,45,44,54,55,1,14,5,5,14,35,81,69,70,82,1,0,0,0,0,35,87,88,76,75,1,4,4,4,4,35,83,71,69,81,1,23,23,0,0,35,84,87,75,72,1,9,4,4,9,35,83,86,74,71,1,23,8,8,23,35,86,85,73,74,1,8,8,8,8,35,85,84,72,73,1,8,9,9,8,35,88,78,66,76,1,4,5,5,4,35,82,70,65,77,1,0,0,3,3,35,53,56,68,65,0,3,14,14,3,35,56,55,67,68,0,14,14,14,14,35,55,54,66,67,0,14,5,5,14,35,94,82,77,89,0,0,0,3,3,35,100,90,78,88,0,4,5,5,4,35,97,96,84,85,0,8,9,9,8,35,98,97,85,86,0,8,8,8,8,35,95,98,86,83,0,23,8,8,23,35,96,99,87,84,0,9,4,4,9,35,95,83,81,93,0,23,23,0,0,35,99,100,88,87,0,4,4,4,4,35,93,81,82,94,0,0,0,0,0,35,65,68,80,77,0,3,14,14,3,35,68,67,79,80,0,14,14,14,14,35,67,66,78,79,0,14,5,5,14,35,16,93,94,24,1,18,0,0,18,35,18,26,100,99,1,20,20,4,4,35,0,95,93,16,1,31,23,0,18,35,4,18,99,96,1,30,20,4,9,35,0,12,98,95,1,31,25,8,23,35,12,8,97,98,1,25,25,8,8,35,8,4,96,97,1,25,30,9,8,35,26,7,90,100,1,20,15,5,4,35,24,94,89,3,1,18,0,3,19,35,77,80,92,89,0,3,14,14,3,35,80,79,91,92,0,14,14,14,14,35,79,78,90,91,0,14,5,5,14],
    "normals": [0,-1,0,0,-0.707083,0.707083,-0.577349,-0.577349,0.577349,-0.707083,-0.707083,0,0,1,0,-0.707083,0.707083,0,-0.577349,0.577349,0.577349,0,0.707083,0.707083,1,0,0,0.707083,0.707083,0,0.577349,0.577349,0.577349,0.707083,0,0.707083,0.301492,-0.301492,0.904508,-0.707083,0,0.707083,-1,0,0,-0.577349,0.577349,-0.577349,-0.707083,0,-0.707083,0.301492,0.301492,-0.904508,0,-0.707083,-0.707083,-0.577349,-0.577349,-0.577349,0,0.707083,-0.707083,0.301492,-0.301492,-0.904508,0.301492,0.301492,0.904508,0.707083,-0.707083,0,0.577349,-0.577349,0.577349,0.707083,0,-0.707083,-0.301492,0.301492,-0.904508,-0.301492,-0.301492,-0.904508,-0.301492,0.301492,0.904508,-0.301492,-0.301492,0.904508,0.577349,0.577349,-0.577349,0.577349,-0.577349,-0.577349],
    "uvs": [],
    "name": "Cube.004Geometry.3",
    "materials": [{
        "colorSpecular": [0.5,0.5,0.5],
        "specularCoef": 50,
        "depthWrite": true,
        "colorEmissive": [0,0,0],
        "DbgColor": 15597568,
        "visible": true,
        "shading": "phong",
        "wireframe": false,
        "colorDiffuse": [0.127649,0.209815,0.723053],
        "DbgIndex": 1,
        "blending": "NormalBlending",
        "colorAmbient": [0.127649,0.209815,0.723053],
        "DbgName": "blue",
        "depthTest": true,
        "transparent": false,
        "opacity": 1
    },{
        "colorSpecular": [0.5,0.5,0.5],
        "specularCoef": 50,
        "depthWrite": true,
        "colorEmissive": [0,0,0],
        "DbgColor": 15658734,
        "visible": true,
        "shading": "phong",
        "wireframe": false,
        "colorDiffuse": [1,1,1],
        "DbgIndex": 0,
        "blending": "NormalBlending",
        "colorAmbient": [1,1,1],
        "DbgName": "white",
        "depthTest": true,
        "transparent": false,
        "opacity": 1
    },{
        "colorSpecular": [0.5,0.5,0.5],
        "specularCoef": 50,
        "depthWrite": true,
        "colorEmissive": [0,0,0],
        "DbgColor": 60928,
        "visible": true,
        "shading": "phong",
        "wireframe": false,
        "colorDiffuse": [0.02721,0.02721,0.02721],
        "DbgIndex": 2,
        "blending": "NormalBlending",
        "colorAmbient": [0.02721,0.02721,0.02721],
        "DbgName": "black",
        "depthTest": true,
        "transparent": false,
        "opacity": 1
    }]
}